{
    "alg/dijkstra": {
        "query_time_ms": 2411.51312142,
        "response_time_ms": 66.24255953000002,
        "total_time_ms": 2477.75568095
    },
    "alg/astar": {
        "query_time_ms": 2640.3013366500004,
        "response_time_ms": 66.41021547999999,
        "total_time_ms": 2706.7115521300007
    },
    "alg/bddijkstra": {
        "query_time_ms": 2405.32815837,
        "response_time_ms": 62.87079113000001,
        "total_time_ms": 2468.1989495
    },
    "alg/bdastar": {
        "query_time_ms": 2582.43463347,
        "response_time_ms": 63.744796019999995,
        "total_time_ms": 2646.1794294900005
    },
    "opt/none": {
        "query_time_ms": 671.2273858199999,
        "response_time_ms": 64.15307688,
        "total_time_ms": 735.3804627
    },
    "opt/tnr": {
        "query_time_ms": 100.03734254999998,
        "response_time_ms": 62.3103737,
        "total_time_ms": 162.34771625
    },
    "opt/ch": {
        "query_time_ms": 7.06991351,
        "response_time_ms": 73.23800506,
        "total_time_ms": 80.30791857
    },
    "opt/chtnr": {
        "query_time_ms": 3.5465412599999997,
        "response_time_ms": 70.49862379999999,
        "total_time_ms": 74.04516506
    }
}